first_name,last_name,password
Johnna,Deinert,"oQ2""G*Qq"
Merrili,Hyne,hL5&r|66dQ<!<\qh
Lynnett,Jablonski,pJ5&=*Q7qz6y
Deck,Parke,aB8&V4('z_/Q
Gannie,Hesbrook,oI1>Gc*8oPps)8
Veronike,Blick,"qS5,Yb>Q&E2%B"
Morie,Rizzetti,"zX8""IKLH$PW2"
Euphemia,Stoeckle,bX2~flgBfSw=6.
Brittni,Riquet,"kT4`FxEkl2v,yJ4\"
Marshall,Chesterton,nQ6!\RI\xk!e(J_
Emilie,Paxforde,uE7+F>zn_~%Xa5=V
Kayne,Lumsdall,xK0*ndA7Djb/
Bay,Dewdeny,iN7&Sqzx(
Lorrie,Janton,vT3$mcnq.6'I
Imelda,Munt,"uS4,.dML"
Aeriela,Giffon,cQ5=lg`\_
Lola,Dublin,pR1>W~2xM
Vasili,Denisevich,dC5~M4e'
Hatty,Death,hK9`zTL>!Pe%
Hi,Coughtrey,aC6/ty{>Yq(t0dG1
Janie,Road,dL8!}#w_1@p
Tyrus,Dutnall,yN1|KJi8HLxgD
Avrom,Olivetta,"uZ0|*wD2d,QQ@"
Cass,Concannon,"sA6=QdN\Q<""x%"
Krishna,Lansdown,zN3<M?13QhmH0PD6
Marilyn,Seczyk,wB9.)RmsA#gJ*
Freeland,Dunmore,aE1<1q|D&7vzx
Tamma,Fiennes,dL2%H=?sUz
Cesare,Brushfield,"nR4""IJzjtj)jgk"
Yalonda,Bowdon,mF8<@JBz2
Willie,Dunaway,hX1=OBLWM>X+def$
Josh,Blaydon,tL9#JAfta#x)v8
Gilbertina,Grise,qX7%oDjQc1qHS~%
Tamqrah,Elcox,nQ4!Y*!*Vsz8TC
Florian,Chainey,"rW9)'|'nWB""#u|0"
Obed,Petrovsky,dU4`L8vL4v
Bowie,Bentjens,dV3}1UAZ2As}au!s
Orlan,Horbath,"qE4""M{r*Lp"
Anatola,Linguard,"lK9{K""k.7>_Cauon"
Myrilla,Kuscha,"vS0.}GI""A=Kg<"
Rosanne,Lazonby,kQ0+<$y<w_1|f
Nikolai,Cargo,wO3%cE~4
Romeo,Borer,rU6<\t/Z{vD&8Lv5
Temp,Daverin,sE0'KF4~Z|2vcjL9
Kettie,Denial,yW0<uPG7}b?W}JeJ
Barbey,Cubberley,"eW9~.b`(5uaud,@"
Willow,Harvatt,"wK7'DNiBq#%="""
Benito,Tumasian,uD7`%|g2!
Barrett,Marchbank,hY5_sL\@DZGB.x
Janenna,Maffini,yE2\1Rh(7|
Corri,Eouzan,tJ1&ahiP
Latrena,Lambal,jI3/N`}jI<hu73Vi
Ingmar,Mizzi,zI4}4sLT{oLOx
Reilly,Baxstair,aX3*5g%N(bg
Catlin,Rickcord,hW3/mB2.=
Freddie,Halton,rC7~=Ok!*~/`/17
Linea,Shackleford,rY7>$0fNFEa
Robbert,Radbourne,"aE3!NT#,3Ie\"
Rhody,Klimuk,gC2'oZ1g>e
Lutero,Mounter,qK0)UisldgiC&'=
Rod,Cogswell,xR8@YEcQrw`o?GMy
Torrie,Androsik,sW0)h.POr+\dD(&P
Symon,Rawsthorne,nZ8=a1Q$M'30
Em,Beste,gT1}9i`HBA\w
Leora,Wagerfield,"cU8/M!,qpJ"
Leigh,Braham,"uN4""nd)'`kHy}"
Niki,Sprowles,aG0)BWSF&9{U5=
Mord,Ledbetter,aY4{PV!k%X%Nr
Leila,Whichelow,nQ8{SFbEU
Alfreda,Diffley,"nY6}ls7S\w*a"".F0"
Ignazio,Lenoir,iZ3)6y%g{RIm//1
Standford,Kleewein,iX1_.cP!iwob$`@=
Porter,Lepere,nO2*={'~B!(NZ
Karrie,Bernolet,"lX5?.ryc""OI""yPi"
Othella,Sparham,qJ3#wBB{~
Tades,Baumford,xL3=/lM1&r0~C
Dacy,Elcoux,dL7/Ip9#st?
Britteny,Tumulty,hW2+._oF
Trent,Gerardin,bQ2\h`~=Hlr{Ybd
Will,Imesen,iD4=c>9u
Danica,oldey,"qW8""dfFl<=_>"
Jourdain,Sailor,"bN8""JG2Z{0lj"
Floyd,Conahy,rV0#t<Qh3F
Aileen,Southern,"fB2,K_P`a>DrIt6."
Adriano,Liptrot,tV9|>=.V
Lucretia,Watterson,"iU3'/G""AX>nq"
Desiree,Fitchet,cB5)llLCNRD8g_
Beverly,Ruspine,tU8(NZEoJXyWi
Brigitta,Gostyke,pK8(P}7~Fu0dRj
Antons,Muffett,oX7$D|3_KyW
Althea,Gytesham,dV0@$R1|vY9u
Harmonie,Lhommeau,cG3>CtDbei
Web,Kuhnt,aJ4@6KqYv\d
Tarrah,Doget,rN6(2$Qz$oDuFxn
Vlad,Craigie,wG2%B&=*D
Benjy,Scowcraft,bZ2@8'YyYg2`ZK<
Konstantine,Cardiff,cM4&Yt$|
Dallas,Jarrel,xP6\4+UNs#T1
Gav,Vauls,fC2!'<k*Aw~kGf
Amaleta,Mattacks,xA5$iNE6
Phylys,Greber,dR0&MpTwL1JWsN
Stoddard,Yeskin,hW0{5x9&MALkz{C}
Marion,Kinney,rP3{dJ86+\D{\F
Myer,Pidgley,"vY5+U'?q'N@}?""}"
Caresse,Cottrell,hU0+2D%eK)m9O8}
Eunice,Redier,rP3@9yA'4GXsTD
Madelin,Ivashkov,gW6$2>+<~B2
Mic,Clarke-Williams,nA2)J7+nB_gGOr~p
Pennie,Goldfinch,cK9&rc4X5{0x
Prentice,Bulfoy,"xD9{(O,`7{f"
Haskel,Whitham,"sI3=lku,MF{l"
Joell,Hucquart,"kH2!uy%$5O""$9v"
Stefania,Lowery,wW6>76z47V}}w
Rutter,Arnott,eI6_=N}})Bgf
Ray,Speake,"pY5""U*Q~mI{"
Daryl,Clingan,pZ7+<ehV91L
Nathanael,Joscelyne,eZ4+<uwc0
Denys,Picardo,lD9{/0~l(2Sw=c~h
Claudina,Sawforde,hO2/q{F4A_XQye
Juieta,Albrook,fS3!{t`?HA
Shani,Beloe,vP7.xqIz05={y3
Orville,Yosselevitch,iD5}tH@c+&BlH
Mathe,Klaffs,bI3/M6Sf*yeq
Isaak,Goudge,"eR2_""M`$FTg'q27"
Dasha,Kayes,"eF4`5EEq|'9*,5KB"
Daune,Cotta,"fZ3""pZNy2!2*S"
Samara,Dursley,zV1{2mSmn
Betti,Vernalls,xN8>ZsV!P+GfsCL
Noland,Gierck,mH6.C$KEq0Z{$
Yolanthe,Jakoub,zN3*1+X}ju4nY
Dianne,Jozwiak,"uQ0""?e*aa"
Franciska,Seally,xU3<1KTFE./9tcNN
Hortense,Abisetti,gU9*yex25'
Gwendolin,Bathoe,vS7*4IeD
Ortensia,Trickey,"tH1""+zkaE&/1z`!"
Zedekiah,Paunton,"uJ4""ve@3K>j%Y_"
Reagan,Murrey,"xS0&<tZQ,f31A0Oh"
Corabelle,Breed,cS8>+75U~JdJml@
Sheena,Kliemann,"wY9/4l\+K6,9BA."
Austine,Bosher,"fG9,Ey7GL)E"
Lurleen,Lukianovich,dB0=vg2|lM`BG!
Cherida,Gelland,zU7~RG#7U0F4
Durante,Ponting,wJ7%xSX>50
Georgie,Shireff,fM5(U/ubS
Chickie,Fomichkin,xW5`y={L'+GrjYF
Atlante,Ragat,fT9}tRkG@z(1
Marne,Pullin,"xE2!,oS/o)/<+O+"
Shanan,Springett,"hU1,cII6TLe~c,~~"
Margalo,Castagnone,eE9%eb9)?i|y
Enrika,Curle,xY5=|U$_P~''8c
Lucias,Atterley,"dK8*)`v)jLCg""2"
Clarance,Beslier,nR0>MhY#h0je
Lenette,Neesam,"aP0=Cr,fEo#MZtb"
Ossie,Ahrens,cN2$/kVX
Deedee,Gater,dC8{P!(82
Lena,Haresign,dK8_vP@R1
Tulley,Magwood,"vJ9%xj""P*dMdJrJ"
Zackariah,Burthom,fA9(?oxB&RKG
Leta,Darwen,mY2(l@nowY
Bibi,Saltmarshe,bA2'>V8$x(J@n
Annnora,Shirlaw,sT6.HBb3P<GS
Andie,Kwietek,iF8)S1H'j
Val,DiPietro,uL6_~?_pDQ`V
Dory,Lorrain,"dR4~@MU$r5""9J6"
Lewes,Yewen,bN2'AZ|jbG
Mitzi,Warcop,mC8*Bs!4R
Valenka,Clash,zF9#&QT3Ps_
Clovis,Tapsell,rZ8%*sS~wde.
Adriena,Cadle,vU0{JGVa<p{s@
Janeva,Tessyman,wB0{EFbaFj$1W\
Blake,Parkisson,eP0!ofD2?`<g*
Blondelle,Sainsberry,wV5~yzv+iP*
Patrica,Borrill,dY3+I>L~
Corinne,Matissoff,eO2~KPf)V.51HPWM
Sidoney,Niave,iN1<.zg#W
Margo,Kevane,gO9_>Rxi3$`De
Daryn,George,kD0+x)22u
Gayle,Wyrill,oV3)io9mky/>+c1e
Standford,Skechley,dV2#'f#$Wc`
Darwin,Parsall,gY3)yZSco
Aubrette,Navaro,lC9&Xi\Yg
Livvie,Rawles,uP7<0%Yp72EU
Valera,Smeeton,"hE4?f'1s5Jt""<q2"
Trenton,Atter,tI7/unS7h4'Pyl).
Jackie,Rizon,"sN3!(,+xJv{tcIqY"
Sharity,Batecok,oY9?a.H`
Fax,Cheese,pD7_i)w7(le
Raimundo,Aizik,mD5$\w9y
Fancie,Shiel,hE6?547(K
Hazlett,Ivakin,rR4'n!(%)x\?<a{
Jennee,Merriday,xV9`rk<3
Burtie,Lambole,sX3~d>7w2ql}Rw
Marlyn,Caw,pX9\$HC?Tko(pw6
Win,Barnett,jH8#STbL5R1t&N
Ashbey,Willetts,"hA2&!""E$_k"
Terrijo,Snazle,hG6>z+m7QO(Xs
Denys,Tritten,vW2&{zcmRci?SaZ
Ursola,Eirwin,"gN3|""rLc{&"
Floria,Sertin,oB0\2(OUa|ho)
Maitilde,Withrington,"nP6_,L@oc<Ik"""
